seed,sample,ranking_score
586270680,0,0.29315031142142944
586270680,1,0.2814923119367566
586270680,2,0.2874091148143042
586270680,3,0.26233142208708116
586270680,4,0.2849298640391966
