seed,sample,ranking_score
1392388516,0,0.22922852735157434
1392388516,1,0.23643951271809013
1392388516,2,0.18040252653229438
1392388516,3,0.18957446998690858
1392388516,4,0.22124823986487813
